City_ID,City,Country,Date,Lat,Lng,Max Temp,Humidity,Cloudiness,Wind Speed
0,Oranjemund,NA,2021-04-08 11:33:10,-28.55,16.4333,72.84,59,7,10.6
1,Daru,PG,2021-04-08 11:33:11,-9.0763,143.2092,76.33,91,99,9.13
2,Puerto Del Rosario,ES,2021-04-08 11:33:11,28.5004,-13.8627,68.0,73,20,8.05
3,Rawah,IQ,2021-04-08 11:33:12,34.4816,41.9093,90.07,12,100,11.41
4,Lasa,IT,2021-04-08 11:33:12,46.6166,10.7002,52.0,38,0,4.61
5,Omsukchan,RU,2021-04-08 11:33:12,62.5333,155.8,-9.06,99,12,4.09
6,Ilulissat,GL,2021-04-08 11:33:13,69.2167,-51.1,28.4,59,75,8.05
7,Codrington,AU,2021-04-08 11:33:13,-38.2667,141.9667,60.55,92,100,15.23
8,Los Llanos De Aridane,ES,2021-04-08 11:33:13,28.6585,-17.9182,73.4,73,20,6.91
9,Kyshtovka,RU,2021-04-08 11:33:14,56.555,76.6271,35.22,94,95,6.11
10,Puerto Ayora,EC,2021-04-08 11:33:14,-0.7393,-90.3518,75.06,91,100,3.22
11,Ushuaia,AR,2021-04-08 11:29:23,-54.8,-68.3,42.8,87,75,28.77
12,Rikitea,PF,2021-04-08 11:33:15,-23.1203,-134.9692,76.08,59,1,1.21
13,North Myrtle Beach,US,2021-04-08 11:31:48,33.816,-78.68,64.0,63,1,5.75
14,Rovenki,UA,2021-04-08 11:33:15,48.0833,39.3776,48.33,43,90,9.78
15,Tuktoyaktuk,CA,2021-04-08 11:33:15,69.4541,-133.0374,-13.02,98,99,7.0
16,San Cristobal,VE,2021-04-08 11:33:16,7.7669,-72.225,75.2,100,40,2.3
17,Albany,US,2021-04-08 11:33:16,42.6001,-73.9662,46.0,78,9,2.59
18,Ucluelet,CA,2021-04-08 11:33:17,48.9329,-125.5528,37.0,89,17,14.16
19,Cherskiy,RU,2021-04-08 11:33:17,68.75,161.3,-12.55,99,93,5.35
20,Vardo,NO,2021-04-08 11:33:17,70.3705,31.1107,33.8,86,75,5.75
21,Bredasdorp,ZA,2021-04-08 11:33:18,-34.5322,20.0403,73.4,56,35,5.75
22,Jamestown,US,2021-04-08 11:33:18,42.097,-79.2353,55.4,67,1,10.36
23,Saint-Philippe,RE,2021-04-08 11:33:18,-21.3585,55.7679,86.0,62,75,10.36
24,Lazaro Cardenas,MX,2021-04-08 11:30:02,17.9583,-102.2,70.47,83,0,4.5
25,Cape Town,ZA,2021-04-08 11:28:36,-33.9258,18.4232,75.0,64,0,16.11
26,Flinders,AU,2021-04-08 11:33:19,-34.5833,150.8552,70.0,84,2,1.01
27,Korla,CN,2021-04-08 11:33:20,41.7597,86.1469,60.21,36,100,4.74
28,Punta Arenas,CL,2021-04-08 11:32:28,-53.15,-70.9167,44.6,76,40,20.71
29,Nikolskoye,RU,2021-04-08 11:33:20,59.7035,30.7861,37.4,87,75,11.18
30,Severo-Kurilsk,RU,2021-04-08 11:33:21,50.6789,156.125,31.41,91,100,56.8
31,Ciudad Bolivar,VE,2021-04-08 11:33:21,8.1222,-63.5497,80.11,67,99,9.17
32,Busselton,AU,2021-04-08 11:33:06,-33.65,115.3333,59.0,76,59,1.99
33,Hithadhoo,MV,2021-04-08 11:33:22,-0.6,73.0833,83.61,65,51,12.46
34,La Ronge,CA,2021-04-08 11:33:23,55.1001,-105.2842,48.2,43,100,10.36
35,Pevek,RU,2021-04-08 11:33:23,69.7008,170.3133,-25.19,99,41,5.12
36,Mehamn,NO,2021-04-08 11:33:24,71.0357,27.8492,35.6,55,0,5.75
37,Miranda De Ebro,ES,2021-04-08 11:33:24,42.6865,-2.947,57.0,67,20,9.22
38,Wadi Musa,JO,2021-04-08 11:33:24,30.3222,35.4793,72.63,19,0,7.63
39,Sao Felix Do Xingu,BR,2021-04-08 11:33:25,-6.6447,-51.995,81.37,71,94,1.23
40,Kununurra,AU,2021-04-08 11:33:25,-15.7667,128.7333,82.4,69,62,1.19
41,Coron,PH,2021-04-08 11:33:25,11.9986,120.2043,79.83,74,100,1.92
42,Stornoway,GB,2021-04-08 11:33:26,58.2093,-6.3865,46.4,76,75,24.16
43,Wagga Wagga,AU,2021-04-08 11:33:26,-35.1167,147.3667,64.4,77,47,2.3
44,Bengkulu,ID,2021-04-08 11:33:27,-3.8004,102.2655,78.91,85,51,6.8
45,Mar Del Plata,AR,2021-04-08 11:31:03,-38.0023,-57.5575,71.01,94,0,6.91
46,Hovd,MN,2021-04-08 11:33:27,48.0056,91.6419,52.39,22,7,3.76
47,Darnah,LY,2021-04-08 11:33:27,32.767,22.6367,65.75,55,17,17.94
48,Fortuna,US,2021-04-08 11:33:28,40.5982,-124.1573,48.0,87,90,6.91
49,Kieta,PG,2021-04-08 11:33:28,-6.2167,155.6333,76.33,91,100,6.04
50,Klaksvik,FO,2021-04-08 11:33:28,62.2266,-6.589,33.8,86,20,32.21
51,Brae,GB,2021-04-08 11:33:29,60.3964,-1.353,44.6,81,40,29.93
52,Mataura,NZ,2021-04-08 11:33:29,-46.1927,168.8643,48.0,93,5,2.62
53,Port Elizabeth,ZA,2021-04-08 11:33:30,-33.918,25.5701,75.2,60,0,9.22
54,Talnakh,RU,2021-04-08 11:33:30,69.4865,88.3972,8.96,88,100,3.2
55,Tadine,NC,2021-04-08 11:33:30,-21.55,167.8833,76.44,83,68,13.91
56,Mweka,CD,2021-04-08 11:33:31,-4.85,21.5667,73.6,81,99,0.58
57,Namibe,AO,2021-04-08 11:33:31,-15.1961,12.1522,93.2,52,0,20.71
58,Maniwaki,CA,2021-04-08 11:33:32,46.3834,-75.966,33.8,100,88,3.4
59,Port Alfred,ZA,2021-04-08 11:33:32,-33.5906,26.891,73.22,68,38,9.08
60,Grand Gaube,MU,2021-04-08 11:33:32,-20.0064,57.6608,84.0,67,71,5.01
61,Bethel,US,2021-04-08 11:33:33,41.3712,-73.414,45.0,81,1,1.03
62,Cabo San Lucas,MX,2021-04-08 11:33:33,22.8909,-109.9124,68.0,66,100,3.0
63,Dikson,RU,2021-04-08 11:33:34,73.5069,80.5464,10.65,78,100,14.63
64,Arraial Do Cabo,BR,2021-04-08 11:33:34,-22.9661,-42.0278,75.2,78,40,3.44
65,Panzhihua,CN,2021-04-08 11:33:35,26.5851,101.7128,67.26,57,43,3.69
66,Elbistan,TR,2021-04-08 11:33:35,38.2059,37.1983,68.76,25,59,18.1
67,Yarmouth,US,2021-04-08 11:33:35,41.7057,-70.2286,48.2,87,90,4.61
68,Taft,IR,2021-04-08 11:33:36,31.7471,54.2088,86.0,8,20,6.91
69,Tasiilaq,GL,2021-04-08 11:33:36,65.6145,-37.6368,15.8,57,40,2.3
70,Marabba,SD,2021-04-08 11:33:36,12.35,32.1833,105.89,4,66,7.85
71,Sitka,US,2021-04-08 11:33:37,57.0531,-135.33,33.8,75,40,8.05
72,Port-Gentil,GA,2021-04-08 11:32:11,-0.7193,8.7815,89.6,70,20,12.66
73,Atar,MR,2021-04-08 11:33:38,20.5169,-13.0499,93.9,9,0,8.23
74,Carnarvon,AU,2021-04-08 11:33:38,-24.8667,113.6333,78.8,73,0,17.27
75,Nouakchott,MR,2021-04-08 11:33:38,18.0858,-15.9785,87.8,18,0,12.66
76,Maragogi,BR,2021-04-08 11:33:39,-9.0122,-35.2225,82.02,71,71,12.35
77,Imbituba,BR,2021-04-08 11:33:39,-28.24,-48.6703,71.6,94,75,5.75
78,Sorong,ID,2021-04-08 11:33:40,-0.8833,131.25,81.41,79,95,6.93
79,Kavaratti,IN,2021-04-08 11:33:40,10.5669,72.642,83.55,71,83,8.41
80,Coolum Beach,AU,2021-04-08 11:33:40,-26.5333,153.1,70.0,91,1,6.82
81,Celestun,MX,2021-04-08 11:33:41,20.8667,-90.4,74.03,81,99,11.23
82,Meulaboh,ID,2021-04-08 11:33:41,4.1363,96.1285,80.42,79,63,4.83
83,Tezu,IN,2021-04-08 11:33:41,27.9167,96.1667,79.65,37,66,3.4
84,Kruisfontein,ZA,2021-04-08 11:33:42,-34.0033,24.7314,80.01,57,18,8.01
85,Hobart,AU,2021-04-08 11:29:27,-42.8794,147.3294,68.0,42,100,10.36
86,Vilyuysk,RU,2021-04-08 11:33:42,63.7553,121.6247,30.16,98,100,3.2
87,Aden,YE,2021-04-08 11:33:43,12.7794,45.0367,83.98,56,15,12.88
88,Oktyabrskiy,RU,2021-04-08 11:33:43,54.4815,53.471,37.4,99,100,12.24
89,Atuona,PF,2021-04-08 11:33:44,-9.8,-139.0333,80.85,71,22,14.34
90,Vaini,TO,2021-04-08 11:33:44,-21.2,-175.2,66.2,94,20,4.43
91,Georgetown,MY,2021-04-08 11:29:58,5.4112,100.3354,87.8,74,20,6.91
92,Muisne,EC,2021-04-08 11:33:45,0.6,-80.0333,76.3,87,99,9.98
93,Aquiraz,BR,2021-04-08 11:33:45,-3.9014,-38.3911,82.4,83,40,12.66
94,Ugoofaaru,MV,2021-04-08 11:33:45,5.6667,73.0,82.96,73,65,10.29
95,New Norfolk,AU,2021-04-08 11:33:46,-42.7826,147.0587,62.01,71,100,1.01
96,Snyder,US,2021-04-08 11:33:46,32.7179,-100.9176,51.8,37,1,8.05
97,Olafsvik,IS,2021-04-08 11:33:47,64.8945,-23.7142,25.43,59,97,27.49
98,Vestmanna,FO,2021-04-08 11:33:47,62.1564,-7.1664,33.8,86,20,32.21
99,Yerbogachen,RU,2021-04-08 11:33:47,61.2767,108.0108,30.67,97,100,10.76
100,Raudeberg,NO,2021-04-08 11:33:48,61.9875,5.1352,36.0,79,100,19.86
101,Taksimo,RU,2021-04-08 11:33:48,56.3444,114.8794,27.95,95,99,0.38
102,Paterno,IT,2021-04-08 11:33:15,37.571,14.9027,60.8,47,20,17.27
103,Souillac,MU,2021-04-08 11:33:49,-20.5167,57.5167,84.2,65,75,11.5
104,Puerto Baquerizo Moreno,EC,2021-04-08 11:32:46,-0.9,-89.6,75.83,89,93,4.21
105,Bubaque,GW,2021-04-08 11:33:49,11.2833,-15.8333,76.82,68,32,8.12
106,Butaritari,KI,2021-04-08 11:33:49,3.0707,172.7902,81.88,79,22,17.13
107,Khatanga,RU,2021-04-08 11:33:50,71.9667,102.5,-9.47,99,67,4.83
108,Narsaq,GL,2021-04-08 11:33:50,60.9167,-46.05,33.8,60,20,3.44
109,Nioaque,BR,2021-04-08 11:33:51,-21.1353,-55.83,80.28,50,15,9.91
110,Hilo,US,2021-04-08 11:32:41,19.7297,-155.09,66.2,82,90,8.05
111,Magadan,RU,2021-04-08 11:33:52,59.5667,150.8,10.56,84,4,8.12
112,Vila Franca Do Campo,PT,2021-04-08 11:33:52,37.7167,-25.4333,60.8,88,75,17.27
113,Freeport,US,2021-04-08 11:31:34,40.6576,-73.5832,48.0,76,1,3.44
114,Kapaa,US,2021-04-08 11:33:53,22.0752,-159.319,71.6,68,90,20.71
115,Hermanus,ZA,2021-04-08 11:33:53,-34.4187,19.2345,75.0,63,32,1.01
116,Katsuura,JP,2021-04-08 11:33:53,35.1333,140.3,59.0,61,85,5.99
117,Husavik,IS,2021-04-08 11:33:54,66.0449,-17.3389,21.2,86,75,26.46
118,Upernavik,GL,2021-04-08 11:33:54,72.7868,-56.1549,7.18,64,77,6.31
119,Geraldton,AU,2021-04-08 11:33:54,-28.7667,114.6,73.4,68,98,13.8
120,Tongchuan,CN,2021-04-08 11:33:55,35.0806,109.0897,56.34,45,67,6.06
121,Bhusawal,IN,2021-04-08 11:33:55,21.05,75.7667,104.14,9,11,12.37
122,Atambua,ID,2021-04-08 11:33:56,-9.1061,124.8925,73.62,88,73,1.79
123,Pantai Remis,MY,2021-04-08 11:33:56,4.4557,100.6288,86.0,79,20,5.75
124,Alofi,NU,2021-04-08 11:33:56,-19.0595,-169.9187,69.8,100,1,7.43
125,Broken Hill,AU,2021-04-08 11:33:57,-31.95,141.4333,78.8,17,79,8.05
126,Rolla,US,2021-04-08 11:33:57,37.9514,-91.7713,45.0,76,90,10.36
127,Traverse City,US,2021-04-08 11:33:55,44.7631,-85.6206,60.8,77,40,5.75
128,Hamilton,US,2021-04-08 11:31:20,39.1834,-84.5333,64.0,67,90,8.05
129,Tiksi,RU,2021-04-08 11:33:58,71.6872,128.8694,-12.14,100,96,3.11
130,Boali,CF,2021-04-08 11:33:58,4.8005,18.1275,77.0,94,75,9.22
131,Kaeo,NZ,2021-04-08 11:33:59,-35.1,173.7833,61.0,94,90,4.34
132,Svetlogorsk,BY,2021-04-08 11:33:59,52.6333,29.7333,44.31,44,69,16.58
133,Teguise,ES,2021-04-08 11:34:00,29.0605,-13.564,69.8,73,20,5.75
134,Zhengjiatun,CN,2021-04-08 11:34:00,43.5064,123.5064,44.33,21,0,5.01
135,Saint George,US,2021-04-08 11:34:01,37.1041,-113.5841,53.6,22,1,0.51
136,Tuatapere,NZ,2021-04-08 11:34:01,-46.1333,167.6833,48.0,93,2,4.38
137,Henties Bay,NA,2021-04-08 11:34:01,-22.116,14.2845,72.03,63,1,9.86
138,Katangli,RU,2021-04-08 11:34:02,51.7102,143.2326,26.1,84,100,19.73
139,Santa Marta,CO,2021-04-08 11:31:56,11.2408,-74.199,81.0,100,75,4.61
140,Yellowknife,CA,2021-04-08 11:29:13,62.456,-114.3525,6.8,85,90,17.27
141,Jiangyou,CN,2021-04-08 11:34:02,31.7667,104.7167,59.23,73,99,2.66
142,Tura,IN,2021-04-08 11:34:03,25.5198,90.2201,85.73,28,4,1.57
143,Nedjo,ET,2021-04-08 11:34:03,9.5046,35.5019,88.36,10,69,8.34
144,Saskylakh,RU,2021-04-08 11:34:04,71.9167,114.0833,-1.71,98,100,8.61
145,Salalah,OM,2021-04-08 11:34:04,17.0151,54.0924,93.2,26,0,11.5
146,Avarua,CK,2021-04-08 11:34:04,-21.2078,-159.775,80.6,78,68,10.36
147,Barrow,US,2021-04-08 11:34:05,71.2906,-156.7887,-20.2,69,1,6.91
148,Port Augusta,AU,2021-04-08 11:34:05,-32.5,137.7667,73.4,64,93,8.05
149,Kodiak,US,2021-04-08 11:29:41,57.79,-152.4072,37.4,60,75,17.27
150,Kinango,KE,2021-04-08 11:34:06,-4.1372,39.3153,89.6,55,40,12.66
151,Mgandu,TZ,2021-04-08 11:34:06,-5.95,34.1333,73.96,60,64,7.11
152,Fukue,JP,2021-04-08 11:34:07,32.6881,128.8419,57.2,67,0,4.61
153,Mahebourg,MU,2021-04-08 11:34:07,-20.4081,57.7,84.2,65,75,11.5
154,Udachnyy,RU,2021-04-08 11:31:22,66.4167,112.4,10.13,89,98,18.9
155,Meiktila,MM,2021-04-08 11:29:11,20.8667,95.8667,97.52,19,24,9.42
156,East London,ZA,2021-04-08 11:34:08,-33.0153,27.9116,73.4,73,20,9.22
157,Larnaca,CY,2021-04-08 11:34:08,34.9167,33.6292,77.0,64,20,11.5
158,Pahrump,US,2021-04-08 11:29:53,36.2083,-115.9839,60.01,33,41,1.01
159,Bluff,NZ,2021-04-08 11:34:09,-46.6,168.3333,48.0,93,5,2.86
160,Egvekinot,RU,2021-04-08 11:34:09,66.3167,-179.1667,-17.5,89,10,5.93
161,Tabas,IR,2021-04-08 11:34:10,33.5959,56.9244,87.75,6,13,4.05
162,Tautira,PF,2021-04-08 11:34:10,-17.7333,-149.15,75.2,78,0,3.44
163,Schleiden,DE,2021-04-08 11:34:11,50.5295,6.477,44.01,48,66,6.91
164,La Reforma,MX,2021-04-08 11:34:11,25.0833,-108.05,64.99,90,54,1.41
165,Pervomayskoye,RU,2021-04-08 11:34:11,43.919,46.7102,69.17,45,0,13.89
166,Zambezi,ZM,2021-04-08 11:34:12,-13.5432,23.1047,82.94,36,55,6.46
167,Ribeira Grande,PT,2021-04-08 11:34:12,38.5167,-28.7,62.6,82,40,20.71
168,Sibolga,ID,2021-04-08 11:34:13,1.7427,98.7792,78.87,87,89,3.56
169,Tommot,RU,2021-04-08 11:34:13,58.9564,126.2925,24.82,95,100,3.89
170,Ambulu,ID,2021-04-08 11:34:14,-8.345,113.6058,77.85,87,92,2.57
171,Areia Branca,BR,2021-04-08 11:34:14,-4.9561,-37.1369,86.25,59,18,18.72
172,Merauke,ID,2021-04-08 11:34:14,-8.4667,140.3333,76.82,87,100,5.95
173,Porto Novo,BJ,2021-04-08 11:34:15,6.4965,2.6036,89.6,70,40,14.97
174,Xining,CN,2021-04-08 11:34:15,36.6167,101.7667,50.61,51,90,20.02
175,Puerto Escondido,MX,2021-04-08 11:34:16,15.85,-97.0667,76.98,72,1,4.72
176,Torbay,CA,2021-04-08 11:34:16,47.6666,-52.7314,39.0,100,90,13.8
177,Port Hardy,CA,2021-04-08 11:34:16,50.6996,-127.4199,39.2,93,75,5.75
178,Paamiut,GL,2021-04-08 11:34:17,61.994,-49.6678,32.38,79,98,13.31
179,Shitanjing,CN,2021-04-08 11:34:17,39.2342,106.3439,55.47,39,90,2.01
180,Nara,JP,2021-04-08 11:34:18,34.6851,135.8049,62.6,77,75,11.5
181,Middelburg,ZA,2021-04-08 11:34:18,-25.7751,29.4648,79.97,22,11,8.9
182,Sao Filipe,CV,2021-04-08 11:34:19,14.8961,-24.4956,76.06,65,32,9.19
183,Macon,US,2021-04-08 11:30:20,39.8667,-88.9668,55.4,100,75,11.5
184,Darovskoy,RU,2021-04-08 11:34:19,58.77,47.9564,37.17,97,100,14.88
185,Shakiso,ET,2021-04-08 11:34:20,5.75,38.9167,82.38,26,69,7.52
186,Muros,ES,2021-04-08 11:34:20,42.7762,-9.0603,63.0,83,70,10.0
187,Zhigansk,RU,2021-04-08 11:34:20,66.7697,123.3711,16.29,95,100,9.22
188,Gravelbourg,CA,2021-04-08 11:34:21,49.8834,-106.5512,39.2,52,84,4.61
189,Kaitangata,NZ,2021-04-08 11:34:21,-46.2817,169.8464,48.18,92,5,3.49
190,Pacifica,US,2021-04-08 11:32:06,37.6138,-122.4869,50.0,81,90,13.8
191,Praia Da Vitoria,PT,2021-04-08 11:31:38,38.7333,-27.0667,64.4,72,40,17.49
192,Goderich,CA,2021-04-08 11:30:25,43.7501,-81.7165,53.6,58,100,14.97
193,Scarborough,GB,2021-04-08 11:30:07,54.2797,-0.4044,48.99,78,99,7.0
194,Gambela,ET,2021-04-08 11:34:22,8.25,34.5833,106.05,15,23,8.23
195,Tomatlan,MX,2021-04-08 11:34:22,19.9333,-105.25,61.92,73,5,1.92
196,Pisco,PE,2021-04-08 11:34:22,-13.7,-76.2167,66.2,82,100,5.75
197,Vao,NC,2021-04-08 11:34:23,-22.6667,167.4833,76.62,81,84,19.17
198,Pemba,MZ,2021-04-08 11:34:23,-12.974,40.5178,84.2,65,75,14.97
199,Shache,CN,2021-04-08 11:34:24,38.4167,77.2406,59.99,32,76,7.29
200,Plettenberg Bay,ZA,2021-04-08 11:34:24,-34.0527,23.3716,70.47,66,13,6.44
201,Bud,US,2021-04-08 11:34:24,39.447,-86.1758,61.0,89,95,12.95
202,Jiaocheng,CN,2021-04-08 11:34:25,24.6774,116.1389,63.81,90,100,2.39
203,Provideniya,RU,2021-04-08 11:34:25,64.3833,-173.3,-9.22,92,46,2.35
204,Chigorodo,CO,2021-04-08 11:34:26,7.6664,-76.6811,73.87,98,100,2.21
205,Berdigestyakh,RU,2021-04-08 11:34:26,62.0989,126.6992,26.31,95,100,12.28
206,Rumonge,BI,2021-04-08 11:34:26,-3.9736,29.4386,77.22,78,80,3.83
207,Kuah,MY,2021-04-08 11:34:27,6.3265,99.8432,87.8,74,20,5.75
208,Beisfjord,NO,2021-04-08 11:34:27,68.3751,17.5988,28.4,80,40,6.91
209,Roebourne,AU,2021-04-08 11:34:28,-20.7833,117.1333,84.69,69,30,14.07
210,Komsomolskiy,UZ,2021-04-08 11:34:28,40.4272,71.7189,69.8,21,16,2.3
211,Melilla,ES,2021-04-08 11:34:28,35.2937,-2.9383,60.8,77,75,14.97
212,Sooke,CA,2021-04-08 11:34:29,48.3746,-123.7276,41.0,79,55,24.16
213,Jacareacanga,BR,2021-04-08 11:34:29,-6.2222,-57.7528,78.39,81,100,1.5
214,Purpe,RU,2021-04-08 11:34:30,64.4803,76.6897,27.52,90,16,0.58
215,Tucuma,BR,2021-04-08 11:34:30,-0.1833,-50.05,78.15,89,100,3.96
216,Angoche,MZ,2021-04-08 11:34:31,-16.2325,39.9086,82.92,63,68,12.06
217,Oranjestad,AW,2021-04-08 11:31:09,12.524,-70.027,80.01,83,20,14.97
218,Baiima,SL,2021-04-08 11:34:31,8.1,-11.85,96.39,45,43,1.79
219,Opuwo,NA,2021-04-08 11:34:31,-18.0607,13.84,86.7,31,1,13.38
220,Alice Springs,AU,2021-04-08 11:31:18,-23.7,133.8833,71.6,35,62,5.75
221,Warri,NG,2021-04-08 11:34:32,5.5167,5.75,86.94,66,89,7.52
222,Krasnotorka,UA,2021-04-08 11:34:32,48.682,37.5327,49.64,33,97,9.13
223,Lebu,CL,2021-04-08 11:34:33,-37.6167,-73.65,54.48,90,100,11.72
224,Avera,US,2021-04-08 11:34:33,33.194,-82.5271,55.4,80,1,3.44
225,Chokurdakh,RU,2021-04-08 11:34:34,70.6333,147.9167,-17.55,97,45,3.24
226,Pacific Grove,US,2021-04-08 11:33:04,36.6177,-121.9166,50.0,88,57,5.01
227,Bandar-E Anzali,IR,2021-04-08 11:34:34,37.4727,49.4622,78.8,47,0,6.2
228,Dhuburi,IN,2021-04-08 11:34:35,26.0333,89.9667,94.69,25,5,1.66
229,Saldanha,ZA,2021-04-08 11:34:35,-33.0117,17.9442,77.0,44,41,13.8
230,Pedernales,DO,2021-04-08 11:34:35,18.0384,-71.744,77.58,77,92,3.91
231,Makokou,GA,2021-04-08 11:34:36,0.5738,12.8642,84.2,70,75,1.34
232,Salvador,SV,2021-04-08 11:34:36,13.8333,-88.9167,71.6,88,20,1.14
233,Ponta Do Sol,PT,2021-04-08 11:34:37,32.6667,-17.1,69.8,68,20,9.22
234,Tambilil,PH,2021-04-08 11:34:37,5.9622,124.6697,80.24,83,54,3.42
235,Marawi,PH,2021-04-08 11:34:38,7.9986,124.2928,80.01,82,100,5.01
236,Te Anau,NZ,2021-04-08 11:34:38,-45.4167,167.7167,45.59,91,3,2.64
237,Manaus,BR,2021-04-08 11:30:34,-3.1019,-60.025,78.8,94,75,1.14
238,Ballina,AU,2021-04-08 11:34:39,-28.8667,153.5667,68.0,88,51,8.05
239,Leningradskiy,RU,2021-04-08 11:34:39,69.3833,178.4167,-23.76,98,21,6.06
240,Wahpeton,US,2021-04-08 11:34:39,46.2652,-96.6059,44.01,100,90,8.05
241,Lisakovsk,KZ,2021-04-08 11:34:40,52.5369,62.4936,36.73,88,77,9.69
242,Dharchula,IN,2021-04-08 11:34:40,29.85,80.5333,72.61,27,58,6.55
243,Mount Isa,AU,2021-04-08 11:34:41,-20.7333,139.5,77.0,29,37,4.61
244,Ancud,CL,2021-04-08 11:34:41,-41.8697,-73.8203,54.0,88,100,13.0
245,Havoysund,NO,2021-04-08 11:34:41,70.9963,24.6622,33.8,55,0,1.14
246,Adiake,CI,2021-04-08 11:34:42,5.2863,-3.304,89.6,74,40,11.5
247,Touros,BR,2021-04-08 11:34:42,-5.1989,-35.4608,78.8,94,40,9.22
248,Lompoc,US,2021-04-08 11:34:43,34.6391,-120.4579,48.2,93,90,6.91
249,Algiers,DZ,2021-04-08 11:32:35,36.7525,3.042,62.6,59,40,9.22
250,Qaanaaq,GL,2021-04-08 11:34:43,77.484,-69.3632,5.88,67,100,5.66
251,Zatoka,UA,2021-04-08 11:34:44,46.0725,30.4654,48.2,31,0,13.42
252,Walvis Bay,NA,2021-04-08 11:34:44,-22.9575,14.5053,80.6,39,20,10.36
253,Castro,BR,2021-04-08 11:34:44,-24.7911,-50.0119,62.2,83,48,14.16
254,Parangan,PH,2021-04-08 11:34:45,5.0839,119.9383,80.28,80,94,9.24
255,Molokovo,RU,2021-04-08 11:34:45,58.1661,36.7628,32.99,97,100,17.92
256,Pringsewu,ID,2021-04-08 11:34:46,-5.3582,104.9744,75.87,88,56,2.68
257,Ahuimanu,US,2021-04-08 11:34:46,21.4447,-157.8378,71.6,68,20,12.66
258,Rio Grande,BR,2021-04-08 11:34:46,-32.035,-52.0986,71.6,83,0,6.91
259,Sorland,NO,2021-04-08 11:34:47,67.667,12.6934,30.2,80,40,8.05
260,Caravelas,BR,2021-04-08 11:34:47,-17.7125,-39.2481,75.34,83,79,13.33
261,Riyadh,SA,2021-04-08 11:31:35,24.6877,46.7219,96.8,6,0,10.36
262,Thompson,CA,2021-04-08 11:30:21,55.7435,-97.8558,30.2,74,40,5.75
263,Port Keats,AU,2021-04-08 11:34:48,-14.25,129.55,81.54,77,53,8.32
264,Novyy Urengoy,RU,2021-04-08 11:34:48,66.0833,76.6333,14.7,88,34,1.83
265,Ayan,RU,2021-04-08 11:34:48,56.45,138.1667,19.31,95,98,7.34
266,Eskisehir,TR,2021-04-08 11:32:50,39.7767,30.5206,59.0,81,75,13.8
267,Labuhan,ID,2021-04-08 11:34:49,-6.8844,112.2051,81.18,84,85,14.36
268,Iqaluit,CA,2021-04-08 11:34:49,63.7506,-68.5145,30.2,69,75,11.5
269,Thaba-Tseka,LS,2021-04-08 11:34:50,-29.522,28.6084,64.27,38,44,8.9
270,Nanortalik,GL,2021-04-08 11:34:50,60.1432,-45.2371,37.02,60,61,4.36
271,Abu Dhabi,AE,2021-04-08 11:34:48,24.4667,54.3667,89.6,45,0,9.22
272,Tikhvin,RU,2021-04-08 11:34:50,59.6451,33.5294,39.06,72,100,11.68
273,Ostrovnoy,RU,2021-04-08 11:34:51,68.0531,39.5131,34.66,99,100,13.15
274,Margate,GB,2021-04-08 11:30:29,51.3813,1.3862,51.01,40,45,1.99
275,Thunder Bay,CA,2021-04-08 11:32:52,48.4001,-89.3168,43.0,93,90,11.5
276,Bulawayo,ZW,2021-04-08 11:34:51,-20.15,28.5833,79.5,20,2,9.62
277,Gizo,SB,2021-04-08 11:34:52,-8.103,156.8419,78.73,93,100,15.19
278,Broome,US,2021-04-08 11:34:52,42.2506,-75.833,46.99,76,1,6.91
279,Yakeshi,CN,2021-04-08 11:34:53,49.2833,120.7333,43.18,45,78,6.15
280,Kahului,US,2021-04-08 11:30:25,20.8947,-156.47,66.2,94,1,8.05
281,Buala,SB,2021-04-08 11:34:53,-8.145,159.5921,78.28,85,100,5.41
282,Lagoa,PT,2021-04-08 11:34:54,39.05,-27.9833,59.22,85,24,23.64
283,Smolyaninovo,RU,2021-04-08 11:34:54,43.2956,132.4675,33.8,55,20,8.95
284,Mount Gambier,AU,2021-04-08 11:34:54,-37.8333,140.7667,60.8,94,90,8.05
285,Norman Wells,CA,2021-04-08 11:34:55,65.282,-126.8329,-11.2,84,20,8.05
286,Cairns,AU,2021-04-08 11:33:29,-16.9167,145.7667,73.99,94,75,4.61
287,Hami,CN,2021-04-08 11:34:55,42.8,93.45,66.24,17,100,7.99
288,Cidreira,BR,2021-04-08 11:34:56,-30.1811,-50.2056,74.16,72,0,20.76
289,Raga,SS,2021-04-08 11:34:56,8.4596,25.678,105.58,11,100,6.85
290,Gbongan,NG,2021-04-08 11:34:56,7.4667,4.35,87.8,70,75,10.36
291,Ihlow,DE,2021-04-08 11:34:57,51.8833,13.3333,44.01,56,75,16.11
292,Tamale,GH,2021-04-08 11:34:57,9.4008,-0.8393,101.17,27,92,4.7
293,Dingle,PH,2021-04-08 11:34:57,10.9995,122.6711,77.76,77,100,5.1
294,Hasaki,JP,2021-04-08 11:34:58,35.7333,140.8333,55.4,82,75,9.22
295,Sao Joao Dos Patos,BR,2021-04-08 11:34:58,-6.495,-43.7022,79.83,50,62,9.37
296,Hambantota,LK,2021-04-08 11:34:59,6.1241,81.1185,86.0,74,40,5.75
297,Lisala,CD,2021-04-08 11:34:59,2.15,21.5167,79.43,61,99,6.8
298,Gornopravdinsk,RU,2021-04-08 11:34:59,60.05,69.9,40.53,76,48,8.1
299,Berlevag,NO,2021-04-08 11:35:00,70.8578,29.0864,35.6,51,0,6.91
300,Hat Yai,TH,2021-04-08 11:35:00,7.0084,100.4767,87.8,62,20,8.05
301,Port Blair,IN,2021-04-08 11:35:01,11.6667,92.75,82.83,69,58,2.48
302,Biel,CH,2021-04-08 11:35:01,47.1324,7.2441,48.99,36,20,5.75
303,Sola,VU,2021-04-08 11:35:01,-13.8833,167.55,82.49,70,26,8.66
304,Baghdad,IQ,2021-04-08 11:30:31,33.3406,44.4009,91.4,16,75,11.5
305,Almaznyy,RU,2021-04-08 11:35:03,48.0448,40.045,53.6,50,20,11.18
306,Nusaybin,TR,2021-04-08 11:35:03,37.0778,41.2178,86.0,12,20,9.22
307,Kulhudhuffushi,MV,2021-04-08 11:35:04,6.6221,73.07,83.57,71,47,9.06
308,Jinchang,CN,2021-04-08 11:35:04,38.4953,102.1739,57.78,38,98,14.16
309,Tessalit,ML,2021-04-08 11:35:05,20.1986,1.0114,97.43,7,0,13.47
310,Vila Velha,BR,2021-04-08 11:35:05,-20.3297,-40.2925,75.99,78,20,2.3
311,Nawabganj,BD,2021-04-08 11:35:05,24.5911,88.271,94.62,24,37,9.15
312,Kijang,KR,2021-04-08 11:35:06,35.2442,129.2139,57.2,54,0,10.36
313,Nome,US,2021-04-08 11:30:32,64.5011,-165.4064,-5.8,59,1,19.57
314,Kichera,RU,2021-04-08 11:35:06,55.9375,110.0997,31.15,92,99,0.94
315,Nhulunbuy,AU,2021-04-08 11:35:07,-12.2333,136.7667,78.8,73,56,3.44
316,Vicosa,BR,2021-04-08 11:35:07,-20.7539,-42.8819,67.23,72,54,8.25
317,Half Moon Bay,US,2021-04-08 11:35:08,37.4636,-122.4286,50.0,81,90,13.8
318,Trairi,BR,2021-04-08 11:35:08,-3.2778,-39.2689,80.94,83,77,13.09
319,Bay Roberts,CA,2021-04-08 11:35:08,47.5999,-53.2648,41.0,100,99,5.99
320,Bilibino,RU,2021-04-08 11:35:09,68.0546,166.4372,-13.76,95,100,4.18
321,Karatau,KZ,2021-04-08 11:35:09,43.1667,70.4667,66.72,31,0,7.49
322,Yatou,CN,2021-04-08 11:35:09,37.15,122.3833,46.76,38,0,4.68
323,San Agustin,MX,2021-04-08 11:35:10,20.5333,-103.4667,63.0,51,40,3.44
324,Coihaique,CL,2021-04-08 11:35:10,-45.5752,-72.0662,44.47,96,63,3.87
325,Karuzi,BI,2021-04-08 11:35:11,-3.125,30.1333,70.2,83,91,5.28
326,Medea,DZ,2021-04-08 11:35:11,36.2642,2.7539,62.6,59,40,9.22
327,Esperance,AU,2021-04-08 11:35:12,-33.8667,121.9,64.4,77,90,11.5
328,Taranagar,IN,2021-04-08 11:35:12,28.6709,75.0351,93.45,6,0,8.84
329,Malakal,SS,2021-04-08 11:35:12,9.5334,31.6605,108.14,7,84,3.24
330,Mizdah,LY,2021-04-08 11:35:13,31.4451,12.9801,73.09,35,34,16.02
331,Poum,NC,2021-04-08 11:35:13,-20.2333,164.0167,80.4,80,96,22.1
332,Salina,US,2021-04-08 11:35:13,38.8403,-97.6114,46.99,71,90,17.27
333,Gimli,CA,2021-04-08 11:35:14,50.6336,-96.9907,33.8,75,100,11.5
334,Turochak,RU,2021-04-08 11:35:14,52.2576,87.1224,37.26,99,91,0.94
335,Batagay-Alyta,RU,2021-04-08 11:35:14,67.8006,130.4114,-9.09,98,100,4.45
336,Poya,NC,2021-04-08 11:35:15,-21.35,165.15,75.06,84,76,6.73
337,Saint Anthony,US,2021-04-08 11:35:15,45.0205,-93.218,51.8,93,90,9.22
338,Chicama,PE,2021-04-08 11:35:16,-7.8447,-79.1469,69.85,87,100,3.11
339,Bonavista,CA,2021-04-08 11:35:16,48.6499,-53.1147,41.0,100,100,4.61
340,Port Macquarie,AU,2021-04-08 11:35:16,-31.4333,152.9167,64.99,99,51,1.99
341,Quang Ngai,VN,2021-04-08 11:35:17,15.1167,108.8,75.56,83,51,3.18
342,Somerset East,ZA,2021-04-08 11:35:17,-32.7217,25.588,84.92,24,12,6.96
343,Sault Sainte Marie,CA,2021-04-08 11:35:17,46.5168,-84.3333,50.0,71,75,8.05
344,Muhos,FI,2021-04-08 11:35:18,64.808,25.9931,37.0,86,0,9.22
345,Nantucket,US,2021-04-08 11:34:28,41.2835,-70.0995,48.2,87,90,3.44
346,Hobyo,SO,2021-04-08 11:35:18,5.3505,48.5268,85.24,60,6,14.45
347,Mbekenyera,TZ,2021-04-08 11:35:19,-10.0,38.9833,77.86,87,48,4.94
348,Airai,TL,2021-04-08 11:35:19,-8.9266,125.4092,60.48,92,70,1.16
349,Sunndalsora,NO,2021-04-08 11:35:20,62.6754,8.5515,37.4,64,40,6.91
350,Krasnoturansk,RU,2021-04-08 11:35:20,54.3186,91.5639,44.6,49,20,8.95
351,Chapleau,CA,2021-04-08 11:35:20,47.8405,-83.4034,42.8,100,75,2.3
352,Lancaster,US,2021-04-08 11:35:21,40.2504,-76.2499,50.0,70,20,4.61
353,San Patricio,US,2021-04-08 11:35:21,28.017,-97.5169,71.6,94,40,3.44
354,Okhotsk,RU,2021-04-08 11:35:21,59.3833,143.3,12.56,94,96,1.39
355,Kollam,IN,2021-04-08 11:35:22,8.8833,76.6,89.6,62,40,11.5
356,Velingara,SN,2021-04-08 11:35:22,13.15,-14.1167,101.25,12,28,4.79
357,Constitucion,CL,2021-04-08 11:35:23,-35.3333,-72.4167,54.32,72,0,3.18
358,Padang,ID,2021-04-08 11:35:23,-0.9492,100.3543,84.2,74,20,4.61
359,Emerald,AU,2021-04-08 11:35:23,-23.5333,148.1667,77.0,47,49,4.61
360,Elliot Lake,CA,2021-04-08 11:35:24,46.3834,-82.6331,42.8,81,90,8.05
361,Dospat,BG,2021-04-08 11:35:24,41.65,24.1667,31.12,52,100,13.91
362,Cam Ranh,VN,2021-04-08 11:35:25,11.9214,109.1591,82.4,74,40,12.66
363,Ivanivka,UA,2021-04-08 11:35:25,46.7208,34.553,49.84,33,100,10.27
364,Tuy Hoa,VN,2021-04-08 11:33:33,13.0833,109.3,76.41,86,66,4.14
365,Cocula,MX,2021-04-08 11:35:26,20.3652,-103.8222,57.2,51,40,3.44
366,Talaya,RU,2021-04-08 11:35:26,61.3833,152.75,-10.53,95,3,5.1
367,Tashtyp,RU,2021-04-08 11:35:27,52.7939,89.8983,37.6,77,79,8.97
368,Tazovskiy,RU,2021-04-08 11:35:27,67.4667,78.7,9.99,83,67,1.7
369,Jalu,LY,2021-04-08 11:35:27,29.0331,21.5482,84.4,11,3,12.03
370,Comodoro Rivadavia,AR,2021-04-08 11:35:28,-45.8667,-67.5,55.4,54,0,11.5
371,Asau,RO,2021-04-08 11:35:28,46.4333,26.4,45.0,30,74,9.48
372,Mnogovershinnyy,RU,2021-04-08 11:35:29,53.9353,139.9242,21.83,96,98,6.22
373,Nehe,CN,2021-04-08 11:35:29,48.4833,124.8333,37.63,23,7,7.54
374,Necochea,AR,2021-04-08 11:35:30,-38.5473,-58.7368,63.0,97,86,7.0
375,Coquimbo,CL,2021-04-08 11:33:17,-29.9533,-71.3436,59.0,88,90,5.75
376,Mbanza-Ngungu,CD,2021-04-08 11:35:30,-5.25,14.8667,85.1,56,81,4.47
377,Valparaiso,CL,2021-04-08 11:33:59,-33.0393,-71.6273,57.99,93,40,3.44
378,Kalashnikovo,RU,2021-04-08 11:35:31,57.2824,35.2262,37.58,71,100,12.33
379,Aklavik,CA,2021-04-08 11:35:31,68.2191,-135.0107,-7.6,77,96,8.05
380,Rocha,UY,2021-04-08 11:35:31,-34.4833,-54.3333,69.55,82,26,11.65
381,Paso De Los Toros,UY,2021-04-08 11:35:32,-32.8167,-56.5167,64.4,94,75,13.71
382,Tabou,CI,2021-04-08 11:35:32,4.423,-7.3528,86.02,69,14,7.05
383,Faya,SA,2021-04-08 11:35:33,18.3851,42.4509,84.2,21,20,12.66
384,Nuuk,GL,2021-04-08 11:35:33,64.1835,-51.7216,35.6,69,75,23.02
385,Palembang,ID,2021-04-08 11:35:33,-2.9167,104.7458,84.2,74,20,3.44
386,Chinhoyi,ZW,2021-04-08 11:35:34,-17.3667,30.2,82.74,22,30,3.65
387,Derzhavinsk,KZ,2021-04-08 11:35:34,51.1,66.3167,46.11,72,27,8.3
388,Clyde River,CA,2021-04-08 11:35:35,70.4692,-68.5914,12.2,92,90,11.5
389,Pontalina,BR,2021-04-08 11:35:35,-17.525,-49.4472,71.87,82,100,10.65
390,Bejar,ES,2021-04-08 11:32:56,40.3864,-5.7634,55.0,71,26,1.99
391,Ust-Ishim,RU,2021-04-08 11:35:36,57.6935,71.1665,42.78,82,62,9.26
392,Bandarbeyla,SO,2021-04-08 11:35:36,9.4942,50.8122,83.01,45,1,10.11
393,Point Pleasant,US,2021-04-08 11:35:36,40.0832,-74.0682,48.99,87,1,3.44
394,Oxbow,CA,2021-04-08 11:35:37,49.2333,-102.1676,30.2,59,1,8.05
395,Shingu,JP,2021-04-08 11:35:37,33.7333,135.9833,57.2,54,40,1.14
396,Tual,ID,2021-04-08 11:35:37,-5.6667,132.75,82.38,76,28,7.61
397,Koumac,NC,2021-04-08 11:35:38,-20.5667,164.2833,77.59,80,93,7.47
398,San Jose,US,2021-04-08 11:30:46,37.3394,-121.895,46.0,76,20,0.69
399,Faanui,PF,2021-04-08 11:35:38,-16.4833,-151.75,81.05,67,8,11.27
400,Newport,GB,2021-04-08 11:35:39,51.5877,-2.9984,53.01,67,97,3.0
401,Glenwood Springs,US,2021-04-08 11:35:39,39.5505,-107.3248,34.0,46,79,11.5
402,College,US,2021-04-08 11:35:40,64.8569,-147.8028,10.4,61,75,9.22
403,Kargasok,RU,2021-04-08 11:35:40,59.0556,80.8572,34.47,89,90,2.64
404,Sadiqabad,PK,2021-04-08 11:35:40,28.3062,70.1307,97.14,7,0,6.33
405,Batsfjord,NO,2021-04-08 11:35:41,70.6345,29.7185,35.6,64,0,4.83
406,Lorengau,PG,2021-04-08 11:35:41,-2.0226,147.2712,80.53,82,100,11.68
407,Beboto,TD,2021-04-08 11:35:41,8.2668,16.939,106.61,12,94,5.06
408,Russell,US,2021-04-08 11:35:42,32.3502,-85.1999,60.8,94,90,3.44
409,Kirakira,SB,2021-04-08 11:35:42,-10.4544,161.9205,80.2,83,99,8.61
410,Taungdwingyi,MM,2021-04-08 11:35:42,20.0167,95.55,92.62,24,0,5.95
411,Caruray,PH,2021-04-08 11:35:43,10.3094,119.0128,84.2,74,75,9.22
412,Mosquera,CO,2021-04-08 11:32:36,4.7059,-74.2302,53.6,94,75,3.44
413,West Wendover,US,2021-04-08 11:35:43,40.7391,-114.0733,53.6,20,1,13.8
414,Nyurba,RU,2021-04-08 11:35:43,63.2842,118.3319,30.87,97,100,6.26
415,El Estor,GT,2021-04-08 11:35:44,15.5333,-89.35,72.45,95,100,1.43
416,Toba,JP,2021-04-08 11:35:44,34.4833,136.85,61.0,66,54,1.99
417,Omboue,GA,2021-04-08 11:35:44,-1.5746,9.2618,87.22,67,87,8.61
418,Clarence Town,AU,2021-04-08 11:35:45,-32.5833,151.7833,64.4,94,4,2.01
419,Csaszar,HU,2021-04-08 11:35:45,47.498,18.1427,41.0,70,75,16.11
420,North Bend,US,2021-04-08 11:35:46,43.4065,-124.2243,46.4,93,90,5.75
421,Bilma,NE,2021-04-08 11:35:46,18.6853,12.9164,102.11,4,2,6.49
422,Bangangte,CM,2021-04-08 11:35:47,5.1409,10.5198,85.86,35,78,6.26
423,Laguna,US,2021-04-08 11:35:47,38.421,-121.4238,46.4,87,1,5.75
424,Chuy,UY,2021-04-08 11:35:48,-33.6971,-53.4616,71.92,80,5,11.48
425,Eenhana,NA,2021-04-08 11:35:48,-17.4667,16.3333,82.4,51,24,12.66
426,Sisophon,KH,2021-04-08 11:34:10,13.5859,102.9737,89.35,49,54,5.39
427,Atbasar,KZ,2021-04-08 11:35:49,51.8,68.3333,38.52,99,100,4.72
428,Cap Malheureux,MU,2021-04-08 11:35:49,-19.9842,57.6142,84.0,66,72,8.99
429,Urusha,RU,2021-04-08 11:35:50,54.05,122.9,21.09,93,30,1.32
430,Bektemir,UZ,2021-04-08 11:35:50,41.2097,69.3342,73.4,21,0,9.22
431,Acari,PE,2021-04-08 11:35:51,-15.4311,-74.6158,70.36,85,100,2.13
432,Murashi,RU,2021-04-08 11:35:51,59.3999,48.9615,36.01,95,100,15.12
433,Misratah,LY,2021-04-08 11:35:51,32.3754,15.0925,63.75,63,44,17.72
434,Hays,US,2021-04-08 11:35:52,30.0502,-98.0336,64.0,96,13,8.21
435,Nemuro,JP,2021-04-08 11:35:52,43.3236,145.575,33.21,63,67,17.13
436,Luwuk,ID,2021-04-08 11:35:52,-0.9516,122.7875,79.2,83,100,1.25
437,Grindavik,IS,2021-04-08 11:35:53,63.8424,-22.4338,24.8,68,75,24.16
438,Oum Hadjer,TD,2021-04-08 11:35:53,13.2954,19.6966,106.93,5,85,7.56
439,Cherdyn,RU,2021-04-08 11:35:54,60.403,56.4787,40.39,98,98,8.03
440,Baykit,RU,2021-04-08 11:35:54,61.67,96.37,33.64,92,100,5.93
441,Rawson,AR,2021-04-08 11:35:54,-43.3002,-65.1023,59.34,51,2,5.01
442,Izobilnyy,RU,2021-04-08 11:35:55,45.3741,41.7121,64.4,55,0,13.42
443,Victoria,HK,2021-04-08 11:33:32,22.2855,114.1577,75.0,72,97,1.99
444,Bathsheba,BB,2021-04-08 11:35:55,13.2167,-59.5167,80.6,65,20,12.66
445,Isangel,VU,2021-04-08 11:35:56,-19.55,169.2667,77.16,82,26,9.86
446,Mazyr,BY,2021-04-08 11:31:07,52.0495,29.2456,45.18,37,65,16.53
447,Yar-Sale,RU,2021-04-08 11:35:56,66.8333,70.8333,28.92,88,99,9.86
448,Anqing,CN,2021-04-08 11:35:57,30.5092,117.0506,53.13,78,100,8.41
449,Troitsko-Pechorsk,RU,2021-04-08 11:35:57,62.7084,56.1964,44.26,93,99,10.85
450,Port Hedland,AU,2021-04-08 11:35:57,-20.3167,118.5667,84.2,79,13,13.8
451,Waiuku,NZ,2021-04-08 11:35:58,-37.25,174.75,64.99,88,20,4.61
452,Portland,US,2021-04-08 11:35:58,45.5234,-122.6762,45.0,76,90,9.22
453,Xinmin,CN,2021-04-08 11:35:59,41.9908,122.8253,48.2,18,0,6.71
454,Bo Rai,TH,2021-04-08 11:35:59,12.5728,102.5371,82.99,99,98,3.42
455,Qaqortoq,GL,2021-04-08 11:36:00,60.7167,-46.0333,33.8,60,20,3.44
456,Baiyin,CN,2021-04-08 11:36:00,36.5583,104.2081,64.0,41,20,8.95
457,Mogzon,RU,2021-04-08 11:36:00,51.7435,111.9606,39.61,63,66,2.82
458,Arlit,NE,2021-04-08 11:36:01,18.7369,7.3853,103.03,4,60,4.38
459,Ust-Kuyga,RU,2021-04-08 11:36:01,70.0167,135.6,-11.18,97,2,2.89
460,Rincon De La Victoria,ES,2021-04-08 11:31:20,36.7172,-4.2758,64.4,63,75,19.57
461,Coahuayana,MX,2021-04-08 11:36:02,18.7333,-103.6833,66.31,48,5,3.53
462,Suruc,TR,2021-04-08 11:36:02,36.9761,38.425,77.0,27,0,9.22
463,Reynosa,MX,2021-04-08 11:31:46,26.0833,-98.2833,73.0,94,90,3.44
464,Itaituba,BR,2021-04-08 11:36:03,-4.2761,-55.9836,78.8,94,20,2.68
465,Keshod,IN,2021-04-08 11:36:03,21.3,70.25,90.77,32,0,15.9
466,Strezhevoy,RU,2021-04-08 11:36:04,60.7333,77.5889,37.4,75,0,4.47
467,Tunceli,TR,2021-04-08 11:36:04,39.1083,39.5471,78.8,15,0,13.8
468,Barahona,DO,2021-04-08 11:36:04,18.2085,-71.1008,75.94,83,94,4.92
469,Safaga,EG,2021-04-08 11:36:05,26.7292,33.9365,87.8,29,0,12.66
470,Concordia,AR,2021-04-08 11:36:05,-31.393,-58.0209,66.2,88,75,6.91
471,Wageningen,NL,2021-04-08 11:36:06,51.9667,5.6667,46.99,49,90,18.41
472,Abha,SA,2021-04-08 11:36:06,18.2164,42.5053,84.2,21,20,12.66
473,Ixtapa,MX,2021-04-08 11:36:06,20.7,-105.2,69.01,94,20,2.59
474,Belmonte,BR,2021-04-08 11:36:07,-15.8631,-38.8828,73.4,88,75,4.61
475,Tieli,CN,2021-04-08 11:36:07,46.95,128.05,33.1,46,58,5.82
476,Mtambile,TZ,2021-04-08 11:36:07,-5.3833,39.7,81.77,72,73,19.28
477,Pangnirtung,CA,2021-04-08 11:36:08,66.1451,-65.7125,26.6,100,90,3.44
478,Zvishavane,ZW,2021-04-08 11:36:08,-20.3267,30.0665,81.41,25,1,8.99
479,Aguimes,ES,2021-04-08 11:36:08,27.9054,-15.4461,70.0,73,20,6.91
480,La Ciotat,FR,2021-04-08 11:36:09,43.1748,5.6045,59.0,46,0,10.0
481,Itarema,BR,2021-04-08 11:36:09,-2.9248,-39.9167,82.2,77,94,17.25
482,Luanda,AO,2021-04-08 11:34:15,-8.8368,13.2343,86.0,74,40,6.91
483,Turinsk,RU,2021-04-08 11:36:10,58.0458,63.696,37.26,98,100,7.74
484,Sarkand,KZ,2021-04-08 11:36:10,45.41,79.9186,55.26,56,99,3.65
485,Dodge City,US,2021-04-08 11:36:11,37.7528,-100.0171,41.0,60,1,16.11
486,Bambous Virieux,MU,2021-04-08 11:36:11,-20.3428,57.7575,84.2,65,75,11.5
487,Spremberg,DE,2021-04-08 11:36:11,51.5697,14.3736,44.01,62,95,8.01
488,Cuenca,EC,2021-04-08 11:36:12,-2.8833,-78.9833,55.4,100,100,2.3
489,Kiama,AU,2021-04-08 11:36:12,-34.6833,150.8667,70.0,81,4,8.01
490,Marystown,CA,2021-04-08 11:31:19,47.1666,-55.1483,44.62,90,87,19.69
491,Whitehorse,CA,2021-04-08 11:36:13,60.7161,-135.0538,3.2,60,75,18.41
492,Beloha,MG,2021-04-08 11:36:13,-25.1667,45.05,87.22,39,3,11.3
493,Klaeng,TH,2021-04-08 11:36:14,12.7797,101.6483,87.01,72,84,4.79
494,Nanakuli,US,2021-04-08 11:36:14,21.3906,-158.1547,71.01,73,1,4.61
495,San Quintin,MX,2021-04-08 11:36:15,30.4833,-115.95,60.89,79,27,11.99
496,Saint-Raphael,HT,2021-04-08 11:36:15,19.4333,-72.2,69.01,90,98,3.22
497,Mitsamiouli,KM,2021-04-08 11:36:16,-11.3847,43.2844,82.18,75,25,4.9
498,Kilindoni,TZ,2021-04-08 11:36:16,-7.9139,39.6668,76.91,83,99,5.26
499,Charters Towers,AU,2021-04-08 11:36:16,-20.1,146.2667,74.66,72,71,8.9
500,Sandnessjoen,NO,2021-04-08 11:36:17,66.0217,12.6316,33.8,80,75,10.36
501,Red Bluff,US,2021-04-08 11:36:17,40.1785,-122.2358,46.4,71,1,1.03
502,Khani,GE,2021-04-08 11:36:17,41.9563,42.9566,84.2,17,0,5.75
503,Dwarka,IN,2021-04-08 11:36:18,22.2394,68.9678,84.24,58,0,15.1
504,Aswan,EG,2021-04-08 11:36:18,24.0934,32.907,100.08,4,42,10.89
505,Inhambane,MZ,2021-04-08 11:36:19,-23.865,35.3833,86.0,58,75,6.91
506,Gao,ML,2021-04-08 11:36:19,16.6362,1.637,102.72,4,44,17.49
507,Manicore,BR,2021-04-08 11:36:20,-5.8092,-61.3003,75.2,100,90,1.14
508,Bernay,FR,2021-04-08 11:36:20,49.1667,0.6667,50.0,59,17,4.23
509,Aksum,ET,2021-04-08 11:36:20,14.1245,38.7244,85.01,7,66,8.55
510,Gandajika,CD,2021-04-08 11:36:21,-6.75,23.95,78.66,73,94,6.06
511,Watertown,US,2021-04-08 11:36:21,42.3709,-71.1828,54.0,71,90,3.44
512,Naze,JP,2021-04-08 11:36:22,28.3667,129.4833,68.0,60,75,5.75
513,Pachmarhi,IN,2021-04-08 11:36:22,22.4667,78.4333,92.66,9,11,10.58
514,Governador Valadares,BR,2021-04-08 11:34:08,-18.8511,-41.9494,71.49,82,85,2.33
515,Zeya,RU,2021-04-08 11:36:23,53.75,127.2667,14.76,92,11,4.74
516,Shelton,US,2021-04-08 11:36:23,41.3165,-73.0932,48.99,66,90,3.44
517,Tastur,TN,2021-04-08 11:36:23,36.5513,9.4431,60.8,38,40,6.46
518,Port Moresby,PG,2021-04-08 11:36:24,-9.4431,147.1797,75.2,94,75,8.05
519,Ban Nahin,LA,2021-04-08 11:36:24,18.2418,104.2122,85.75,46,74,2.8
520,Diego De Almagro,CL,2021-04-08 11:36:25,-26.3667,-70.05,63.34,58,100,1.01
521,Mikhaylovka,RU,2021-04-08 11:36:25,50.06,43.2379,55.99,64,96,8.99
522,Nakamura,JP,2021-04-08 11:36:26,32.9833,132.9333,50.92,62,34,5.03
523,Damavand,IR,2021-04-08 11:36:26,35.7178,52.065,78.8,10,20,6.91
524,Cayenne,GF,2021-04-08 11:36:27,4.9333,-52.3333,75.2,94,75,3.44
525,Ormara,PK,2021-04-08 11:36:27,25.2088,64.6357,83.17,53,0,14.52
526,Kahama,TZ,2021-04-08 11:36:27,-3.8333,32.6,77.63,60,28,3.56
527,Kavieng,PG,2021-04-08 11:36:28,-2.5744,150.7967,79.84,82,100,9.35
528,Monroe,US,2021-04-08 11:36:28,43.1501,-77.6831,48.0,93,20,6.04
529,Las Conchas,AR,2021-04-08 11:36:29,-25.9948,-65.8276,65.61,87,89,6.04
530,Mayahi,NE,2021-04-08 11:36:29,13.9553,7.6712,106.03,5,36,7.78
531,Parker,US,2021-04-08 11:36:29,32.7668,-97.8003,55.99,56,0,2.33
532,Touho,NC,2021-04-08 11:36:30,-20.7833,165.2333,77.81,79,94,9.64
533,Warmbad,NA,2021-04-08 11:36:30,-28.45,18.7333,93.27,19,0,4.68
534,Balaguer,ES,2021-04-08 11:32:02,41.7912,0.8109,57.0,58,75,4.61
535,Preston,GB,2021-04-08 11:36:31,53.7667,-2.7167,50.0,81,40,21.85
536,Hohhot,CN,2021-04-08 11:36:31,40.8106,111.6522,60.8,20,20,17.9
537,Solnechnyy,RU,2021-04-08 11:36:31,50.7214,136.6319,28.08,90,100,9.64
538,Evensk,RU,2021-04-08 11:36:32,61.95,159.2333,7.38,87,10,11.18
539,Acarau,BR,2021-04-08 11:36:32,-2.8856,-40.12,82.36,77,89,18.3
540,Fayaoue,NC,2021-04-08 11:36:33,-20.65,166.5333,79.3,81,78,12.59
541,Buchanan,LR,2021-04-08 11:36:33,5.8808,-10.0467,89.6,66,75,9.22
542,Robertsport,LR,2021-04-08 11:36:34,6.7533,-11.3686,82.42,75,65,6.31
543,Sinnamary,GF,2021-04-08 11:36:34,5.3833,-52.95,74.35,93,100,5.14
544,Acapulco,MX,2021-04-08 11:32:41,16.8634,-99.8901,74.57,71,0,2.33
545,Fairbanks,US,2021-04-08 11:31:43,64.8378,-147.7164,10.4,78,1,2.8
546,Ikalamavony,MG,2021-04-08 11:36:35,-21.15,46.5833,82.33,45,7,5.21
547,Ystad,SE,2021-04-08 11:36:35,55.4297,13.8204,44.01,49,40,19.57
548,Kikuchi,JP,2021-04-08 11:36:35,32.9833,130.8167,57.2,44,0,4.61
549,Rumford,US,2021-04-08 11:36:36,44.5537,-70.5509,50.0,90,100,1.81
550,Mayor Pablo Lagerenza,PY,2021-04-08 11:36:36,-19.9309,-60.7718,79.5,69,61,7.29
551,Messina,IT,2021-04-08 11:36:36,38.1933,15.5497,57.99,26,40,9.22
552,Longyearbyen,SJ,2021-04-08 11:36:36,78.2186,15.6401,30.2,80,75,2.98
553,Amahai,ID,2021-04-08 11:36:37,-3.3333,128.9167,88.0,69,73,1.01
554,Nagar Karnul,IN,2021-04-08 11:36:37,16.4821,78.3247,97.95,15,36,7.34
555,Wattegama,LK,2021-04-08 11:36:38,6.7989,81.4808,86.0,74,40,5.75
556,Matara,LK,2021-04-08 11:36:38,5.9485,80.5353,82.78,68,29,8.79
557,Monrovia,LR,2021-04-08 11:32:04,6.3005,-10.7969,89.6,66,75,9.22
558,Buguda,IN,2021-04-08 11:36:38,19.8167,84.8,93.4,39,36,12.93
559,Obo,CF,2021-04-08 11:36:39,5.3998,26.4869,93.97,34,96,5.82
560,Macapa,BR,2021-04-08 11:36:39,0.0389,-51.0664,77.0,100,90,4.61
561,Yulara,AU,2021-04-08 11:36:39,-25.2406,130.9889,75.2,27,5,4.61
562,Lata,PT,2021-04-08 11:36:40,40.1629,-8.3327,66.99,44,5,4.0
563,Aksarka,RU,2021-04-08 11:36:40,66.5606,67.7975,32.2,95,89,9.89
564,Arvika,SE,2021-04-08 11:33:49,59.6553,12.5852,42.8,45,0,11.5
565,Miranda,CO,2021-04-08 11:36:41,3.2499,-76.2281,66.2,94,75,0.92
566,Burgeo,CA,2021-04-08 11:36:41,47.6167,-57.6152,44.51,74,53,17.58
567,Port Lincoln,AU,2021-04-08 11:36:42,-34.7333,135.8667,64.65,83,86,12.97
568,Morozovsk,RU,2021-04-08 11:36:42,48.3539,41.8261,54.61,54,99,10.11
569,Dali,CN,2021-04-08 11:36:43,25.7,100.1833,63.43,41,55,6.31
570,Pingliang,CN,2021-04-08 11:36:43,35.5392,106.6861,46.0,18,84,4.0
571,Chandbali,IN,2021-04-08 11:36:43,20.7833,86.7667,87.17,56,10,18.99
572,Ponta Delgada,PT,2021-04-08 11:36:44,37.7333,-25.6667,60.8,88,75,17.27
573,Kloulklubed,PW,2021-04-08 11:36:44,7.0419,134.2556,80.6,89,75,5.57
574,Srednekolymsk,RU,2021-04-08 11:36:45,67.45,153.6833,7.79,88,100,7.63
575,Santo Antonio Do Ica,BR,2021-04-08 11:36:45,-3.1022,-67.9397,74.95,96,98,0.76
576,Vestmannaeyjar,IS,2021-04-08 11:36:46,63.4427,-20.2734,24.8,68,20,27.63
577,Mareeba,AU,2021-04-08 11:36:46,-17.0,145.4333,73.99,94,75,4.61
578,Solec Kujawski,PL,2021-04-08 11:36:46,53.0837,18.2257,45.0,65,75,9.22
579,San Javier,ES,2021-04-08 11:36:47,37.8063,-0.8374,63.0,55,40,13.8
